name,capacity,category,descriptionFr,descriptionEn,photoThumbnails,popularityScore,price,subCategories,eanCode,itemHeightRef
IGP ALPILLES ROSE TRADITION,33831.0,wine,"Découvrez le vin rosé IGP Alpilles Tradition, un mélange subtil de fraîcheur et de complexité aromatique, idéal pour accomagner une viande grillée ou une salade provençale.","A delicate Alpilles rosé offering fresh acidity and subtle complexity, notes of wild strawberries and a hint of minerals. Pairs perfectly with grilled salmon or goat cheese.",https://www.vinatis.co.uk/96467-detail_default/alpilles-rose-2024-domaine-de-valdition.png,0,10.5,,3760076070020,99056669
VAL DE L OULE ROSE TENDRESSE,20386.33,wine,"Ce rosé délice équilibre subtilité et fruité, avec des notes de pêche et de cerise. Idéal pour accompagner grillades ou charcuteries, il se boit frais, entre 10-12°C, pour préserver sa douceur et son elegance.","Elegant and refreshing, Val de L'Oule Rosé Tendresse features subtle berry notes and a zesty finish, ideal for pairing with light appetizers.",https://botanic-botanic-storage.omn.proximis.com/Imagestorage/imagesSynchro/500/1600/f079c8633f78fc16c39ae23af7647a7acc1cfeca_1776766.png,0,7.0,,3435600000216,99037387
GRAND MAS DE LANSAC BLAN,13666.05,wine,"Ce vin est une véritable explosion de fraîcheur et de complexité, avec des notes subtiles de pierre à oignon et des accents fruités délicats. Idéal pour accomagner des poissons grillés ou des fromages frais.","Elegant and mineral-driven, Grand Mas de Lansac Blanc offers zesty citrus notes with hints of honey and a crisp finish—perfect for pairing with seafood or subtly spiced dishes.",https://images.vivino.com/labels/4j5E5AwLQSu1ZkvlNo9bSA.jpg,0,5.1,,3760059140030,99016142
IGP VAR GRIS GRIS DE ROSE,13521.48,wine,"Ce vin élégant, aux reflets dorés et à l'éclat perlé, dévoile des nuances subtiles et une complexité envoûtante. Son nez subtil, dominé par des notes de pétale de rose et d'agrumes, s'harmonise avec sa bouche équilibrée et minérale, ponctuée par un frais fruité persistant. Idéal pour accompagner des poissons blancs ou des viandes blanches légèrement marinées.","""A captivating rosé with vibrant pink hues and a delicate floral aroma, offering notes of wild strawberries and crisp citrus. Pairs beautifully with grilled salmon or a fresh garden salad.""",https://vinessen.fr/wp-content/uploads/2018/06/gris-de-rose.jpg,0,5.1,,3760146021815,99005260
GRAND MAS LANSAC ROSE,12805.32,wine,"Ce Grand Mas Lansac Rosé est un vin subtil et équilibré,alliant fraîcheur et douceur. Idéal avec des fruits de mer ou une salade méditerranéenne.","A delicate rosé with hints of strawberry and lavender, complementing grilled chicken with herbs or fresh salad.",https://static.alpillesenprovence.com/wp-content/uploads/external/dc5cb901283224184195d91e5ec91bbe-19994979-710x1000.jpg,0,4.9,,3760059140023,99016143
AOP FOLIE EN PROVENCE 2023 COT,13005.9,wine,"Ce vin AOP Folie en Provence 2023 COT invite à la découverte d'un équilibre subtil entre fruits roux et douceur des herbes provençales, alliant structure raffinée et souplesse. Idéalement accompagné de viandes grillées ou d'un plat de charcuterie, il révèle une complexité aromatique exceptionnelle.","AOP FOLIE EN PROVENCE 2023 COT is a sophisticated blend of dark fruit and aromatic complexity, reflecting Provençal terroir at its best. Pair with charcuterie or grilled meats for an elegant experience.",https://www.magnumdevin.com/3021-large_default/magnum-rose-coteaux-d-aix-en-provence-roseblood-cuvee-1489-chateau-d-estoublon.jpg,0,5.0,,3760092070349,99064698
LANSAC ROSE 5L,37964.1,wine,"Ce vin rosé Lansac envoûte par ses nuances de rose pâle et sa complexité aromatique, avec des notes de fruits rouges et une acidité équilibrée. Idéal pour accompagner des plats légèrement épicés ou des desserts fruités, ce nectar ravira les amateurs de saveurs subtiles et rafraîchissantes.","Savor the elegant, fruit-forward profile of Lansac Rosé 5L, where subtle hints of strawberry and raspberry harmonize with crisp acidity—ideal for pairing with grilled salmon or a cheeseboard.",https://static.pourdebon.com/images/500-370/pourdebon-image-bucket-prod/5a804a4c65589964867fd00a0f1544ab.jpeg,0,15.7,,3760059140078,99016147
LAGOY VIN ROSE IGP ALPILLES BI,21166.0,wine,"Ce rosé LAGOY VIN ROSE IGP Alpilles BI est un vin délicat aux nuances aromatiques complexes, avec des notes de framboises sauvages et des herbes provençales. Son palais équilibré se distingue par une fraîcheur minérale et une pointe piquante. Idéal pour accompagner une salade de chèvre frais ou un poisson grillé, ce vin offre une expérience raffinée et polyvalente.","LAGOY VIN ROSE IGP ALPILLES BI is a luminous Provence rosé with notes of wild strawberries, raspberries, and subtle herbs. Pair with goat cheese or charcuterie for an authentic Provençal encounter.",https://www.belvibio.com/1139301-product_small/vin-allusion-bio-rose-igp-mediterranee-domaine-atillon-75cl.jpg,0,9.1,,3760063300321,99010236
LE GRIS MAS MARIGNAN,11146.66,wine,"LE GRIS MAS MARIGNAN est un vin subtil et équilibré, aux nuances d'agrumes et de miel, avec des touches florales et une douceur vanillee. Idéal pour accomagner les viandes blanches ou les poissons riches en sauce.","Discover LE GRIS MAS MARIGNAN, a sophisticated blend from Léognan’s terroir, offering opulent blackcurrant and graphite nuances with a velvety touch. Pair with roasted venison or lamb for an elegant encounter.",https://images.vivino.com/labels/ooLlCehGSrmGHX64gQGVRA.jpg,0,4.8,,3538650074333,99066408
LUBERON LES CLAPES,13726.86,wine,"Ce vin LUBERON LES CLAPES allie richesse et complexité, avec des notes de mûre, de cacao et une pointe épicée. Idéal pour accompagner un plat de viande en sauce ou des fromages puissants.","Discover LUBERON LES CLAPES, a sophisticated blend where notes of dark berries and lavender essence dance elegantly on the palate, balanced by a touch of smoky spice. Pair with grilled lamb or ratatouille for a harmonious pairing that enhances its rich complexity.",https://img.e-boissons.com/picture/product/CBO/luberon-les-clapes-blanc-2023-cave-de-bonnieux-18544-1-1R9S.png,0,6.6,,3760028200048,99060230
ROSE CUVEE EVIDENCE MAS LANSAC,11423.3,wine,"Ce vin rose subtil et éclatant, issu de la cuvéeEvidence du MAS LANSAC, se distingue par sa fraîcheur vibrante et son bouquet délicieusement fruité, avec des nuances de pêche et de framboise. Idéal pour accompagner des apéritifs raffinés ou des plats légèrement épicés.","This limited-edition Rosé Cuvée from MAS LANSAC is a harmonious blend of vibrant fruit and subtle spice, complementing grilled shrimp or charcuterie with its crisp acidity and elegant finish.",https://www.grandmasdelansac.fr/wp-content/uploads/2022/04/DSC_2364-scaled.jpg,0,5.6,,3760059140184,99012318
IGP ROSE ETOILE DES ALPILLES,13069.6,wine,"Un rosé éclatant et délicieusement équilibré, avec des nuances de fruits frais et une douceur minérale. Idéal pour accompagner des poissons grillés, des charcuteries ou des fromages frais.","The IGP ROSE ETOILE DES ALPILLES captures the essence of the Alpilles with its delicate mineral notes and hints of wild berries, pairing perfectly with grilled seafood or a light Provencal salad.",https://www.vinatis.co.uk/96467-detail_default/alpilles-rose-2024-domaine-de-valdition.png,0,6.5,,3760251190161,99035796
TRADITION 2023 AOP BIO,19318.8,wine,"Ce vin TRADITION 2023 AOP BIO est un mélange raffiné de fruits mûrs et d'épices douces, offrant une palette aromatique complexe. Doté d'une structure équilibrée et d'une longueur persistante, il révèle des notes subtiles de cacao et de tabac. Originaire d'un terroir respectueux, ce vin bio allie tradition et modernité avec élégance. Idéal pour accompagner une roti de lambrequin ou un confit de canard, TRADITION 2023 AOP BIO s'appréciera à merveille en soirée ou lors d'un repas savoureux.","AOP BIO Tradition 2023 offers a harmonious blend of dark fruit and mineral depth, crafted with organic care from select terroir. Pair with roasted game or hearty stews.",https://www.peyrassol.com/wp-content/uploads/XIIIE-Rose-2023.png,0,9.8,,3760025420012,99016911
GRAND MAS DE LANSAC RGE,9556.21,wine,"Ce vin magnifique est un joyau raffiné, avec des notes d'agrumes et de fumé, une structure équilibrée et une longueur exceptionnelle. Idéal pour accompagner des肴蒸海胆 ou des 蝙蝠翅膀.","""A symphony of dark fruit and spice, this bold Rhône blend pairs beautifully with grilled lamb or mushroom risotto.""",https://www.hallesdequercamps.com/550218-large_default/cht-les-tuileries-de-lansac-2020-cdbourg-rge-75cl-crd.jpg,0,4.9,,3760059140108,99063709
AOP BIO PASSE-ROSE 2024 750ML,18042.8,wine,"Découvrez un vin délicat et rafraîchissant, AOP Bio 2024, aux nuances subtiles de fleurs blanches, de citron vert et d'une minéralité épurée. Idéal pour accompagner des poissons grillés, volailles ou fromages frais comme la chèvre. Un pur moment de plaisir authentique !","Discover this AOP BIO PASSE-ROSE 2024—a delicate, mineral-infused rosé with vibrant red fruit notes, pairing perfectly with grilled chicken or fresh fish, offering a harmonious balance of elegance and complexity.",https://bernard-magrez.com/wp-content/uploads/2025/02/Bleu_de_Mer_Rose_2024.webp,0,9.8,,3760025420029,99016912
ETOILE DES ALPILLES IGP BLANC,12018.1,wine,"Etoile des Alpilles IGP Blanc : Un vin rafraîchissant aux arômes de citron et de fleurs blanches, avec une douceur équilibrée par une minéralité subtile. Idéal pour accompagner poissons grillés ou fromages blancs.","""A luminous, floral white from France's Rhône-Alpes, capturing the essence of crisp citrus and subtle herbs. A perfect match for seafood or a platter of goat cheese.""",https://www.vinatis.co.uk/96467-large_default/alpilles-rose-2024-domaine-de-valdition.png,0,6.6,,3760251190154,99037189
ALPILLES IGP TRADITION BLANC,18553.5,wine,"ALPILLES IGP TRADITION BLANC : Un vin rafraîchissant et richement aromatiqueCe vin blanc, issu des Alpilles, allie avec élégance la fraicheur et la richesse. Son bouquet délicat se compose de notes citronnées et florales d'acacia, tandis que sa palette de saveurs propose une alliance subtile entre des fruits frais et une minéralité percevable.Accords mets-vins : Idéal pour accompagner les poissons grillés ou des fromages frais comme un chèvre.","A crisp, mineral-driven Alpilles IGP white with subtle stone fruit and citrus notes, pairing perfectly with goat cheese and shellfish.",https://www.cdv-dionysos.com/cdn/shop/products/valdition-blanc.png?v=1589905955,0,10.5,,3760076070037,99056670
IGP TERRE CAMARGUE RS BIO75CL,8505.0,wine,"Ce vin bio, issu de la terre camarguese, allie le parfum d'agrumes et de pétale de rose à une douceur équilibrée. Sa minéralité se dévoile au palais, offrant un équilibre entre richesse et vivacité. Idéal avec des fromages fermiers, des fruits de mer ou des viandes blanches.","A decadent, organically grown dessert wine from Terre Camargue—rich, velvety, and redolent of dark fruit, honey, and a hint of spice. Pair with foie gras, dark chocolate, or a luscious panna cotta to elevate your experience.",https://www.naturopolis.fr/813-home_default/cotes-catalanes-igp-bio-campanars-75cl-14vol.jpg,0,5.3,,3545440120149,29500338
IGP ALPILLES BIO TRADITION 202,15791.8,wine,"Ce vin bio IGP Alpilles Tradition 2022 est une harmonie subtile entre douceur et complexité, avec des notes de fruits mûrs et des nuances terreuses. Son palais équilibré, fruité et légèrement vanillé ravira les amateurs de vins ronds et intenses. Idéal pour accomagner des plats mijotés, des fromages fermiers ou des légumes grillés. Sa finale saline et minéralé vous laisse un souvenir persistant et envoûtant.","""A vibrant, organically crafted Alpilles blend with rich fruit notes, perfect for pairing with grilled lamb or aged cheeses.""",https://www.maison-humbert.fr/3131-large_default/igp-alpilles-blanc-domaine-de-valdition.jpg,0,9.8,,3760025420036,99016913
ALPILLES IGP TRADITION ROUGE,15928.5,wine,"Le vin rouge ALPILLES IGP TRADITION est un bouquet complexe de fruits rouges et d'épices douces, alliant richesse et élégance. Idéal pour accompagner des viandes grillées ou des stews réconfortants.","A rich, vibrant red from the Alpilles region, capturing the essence of its terroir with notes of ripe berries and subtle minerality, paired perfectly with grilled meats or charcuterie.",https://www.vinatis.co.uk/96467-detail_default/alpilles-rose-2024-domaine-de-valdition.png,0,10.5,,3760076070013,99056662
MAS GOURGONNIER ROUGE TRADITIO,14024.5,wine,"Découvrez le MAS GOURGONNIER ROUGE TRADITIO, un vin aux arômes de mûres et de cacao. Sa structure équilibrée ravira les amateurs de viandes en sauce ou de fromages fermiers.","A bold, velvety red with layers of dark fruit, subtle spice, and a touch of minerality—perfectly paired with grilled lamb or roasted game.",https://perrineswine.com/cdn/shop/files/SansSoufre.png?v=1708627353&width=480,0,9.8,,3760104593026,99024947
COTES DU VENTOUX DOMAINE DE GO,10456.62,wine,"Ce vin est une invitation à explorer la profondeur riche et équilibrée des Côtes du Ventoux. Avec ses notes de fruits noirs mûrs, sa structure harmonieuse et son nez parsemé d'herbes séchées, il se déguste idéalement avec des viandes rouges ou des plats épicés. Un compagnon parfait pour les moments conviviaux.","This Côte du Ventoux Domaine de Go is a captivating blend of dark fruit and mineral nuances, with subtle spice notes. Pair with grilled lamb or aged cheeses for an elegant match.",https://images.vivino.com/labels/IJfh2JPkT9-3CqthYdvcWQ.jpg,0,7.5,,3760146021914,99032673
PROSECCO SPUMANTE DOC BOTTER,10033.3,wine,"Ce Prosecco Spumante DOC Botter est un champagne italien d'exception, issu de la région de Val d’Arno. Brillant et pétillant, il dévoile des nuances subtiles de fruits blancs et une acidité équilibrée, idéalement accompagné d'une huître ou d'un foie gras.","Prosecco Spumante DOC Botter captivates with its effervescent charm, offering crisp apple and citrus notes that elegantly pair with light appetizers.",https://www.tedwardwines.com/cdn/shop/files/DOMAINEFICHET_CREMANTDEBOURGOGNEBRUT_FR282-NV_BOTTLESHOTBACKcopy.png?v=1697642633&width=2400,0,7.9,,8008863011081,99030361
MAS DE LA DAME RESEVE DU RGE,14547.0,wine,"Ce MAS DE LA DAME RESEVE DU RGE est un vin éclatant, aux nuances subtils et à la structure élégante. Idéal avec des viandes rôties ou des fromages fermes, il se déguste avec une douceur persistante et une sabelle","Elegant blend of Syrah and Grenache from Châteauneuf-du-Pape, offering rich layers of dark fruit and spice. Pairs beautifully with grilled herb-crusted rack of lamb.",https://masdeladame.com/wp-content/uploads/2022/02/DSC_7460.jpg,0,11.5,,3464725107517,99016137
IGP MEDITERRANNEE TERRES DE BO,5339.5,wine,"Découvrez ce vin IGP MEDITERRANNEE TERRES DE BO, un équilibre parfait entre douceur et complexité. Alliance subtile de fruits mûrs et d'épices subtiles, sa bouche riche et équilibrée séduira les amateurs. Idéal pour accompagner des viandes blanches grillées ou des plats méditerranéens.","A vibrant and flavorsome IGP wine with notes of olive, herbs, and citrus, perfectly paired with grilled fish or light white meats.",https://www.cavavin.ie/cdn/shop/files/bib-igp-moulin-sannes-blanc-3l-bio_EjNzATM_MFUTS9kT_AMwATM_AMwATM.jpg?v=1713784471,0,4.3,,3760171263181,99067489
MAS DAME LA GOURMANDE ROSE,11435.4,wine,"MAS DAME LA GOURMANDE ROSE : Un rosé éclatant et raffiné, aux arômes de pétale de rose et de fruits rouges, avec une douceur élégante. Idéal pour accompagner les poissons ou les apéritifs.","A delicate rosé with a strawberry hue, MAS DAME LA GOURMANDE ROSE offers hints of fresh-cut strawberries and subtle citrus zest. Pair it with grilled seafood for a vibrant match.",https://images.vivino.com/thumbs/uTGms7uFSBatK8z0fUy9Fw_pb_x600.png,0,9.5,,3464722207517,99028421
VENTOUX SECRET DE TRUFFE ROUGE,7792.84,wine,"VENTOUX SECRET DE TRUFFE ROUGE : Un vin d'exception issus du terroir de Ventoux, subtil et complexe, dévoilant des arômes envoûtants de truffe rouge et de fruits mûrs. Son bouquet riche et équilibré s'accordera parfaitement avec une côte de boeuf ou un risotto aux truffes.","""A bold yet elegant blend, this wine reveals layers of dark berries and rich truffle undertones, perfect paired with roasted red meats for a decadent harmony.""",https://images.vivino.com/labels/4Mi5g6sfQzCaV8KyxW2XGQ.jpg,0,6.5,,3700026507640,99040655
VCE BLANC VALRIAN 25 CL X 6,4454.35,wine,"Ce vin effervescent, au délicat éclat perlé et à la couleur dorée pâle, se distingue par son bouquet complexe de citrus, de fleurs blanches et d' une pointe de minéralité. Sa texture légère et sa fraîcheur acidulée en font un compagnon idéal pour des accords mets-vins rafraîchissants, tels que des fruits de mer ou des sushis. Un moment de pure délice à savourer entre amis ou en apéritif, où chaque bulle transporte au paradis des saveurs subtiles et pétillantes.","A luminous blend of citrus and honey, this crisp white wine offers a delicate balance of minerality and subtle spice. Pair with grilled seafood or a goat cheese salad for a refreshing match.",https://drhmarket.fr/31292-home_default/valrian-vce-blanc-11-150-cl.jpg,0,3.9,,3250392151645,52335025
VIN  ESPAGNE BLC VALRIAN3X25CL,3042.3,wine,"Ce vin espagnol subtil et équilibré dévoile des notes citronnées et florales, une bouche raffinée et un finish légèrement piquant. Idéal pour accompagner des poissons grillés ou des fromages doux.",Discover the inviting bouquet of dark berries and subtle spices in this rich Spanish red. Velvety layers balanced by supple tannins make each sip unforgettable. Pair with grilled meats or aged cheeses—or even a hearty salad for a fresh twist.,https://martinique.123-click.com/pub/nos_rayons/boissons/vins_champagnes/.7400181-1_m.jpg,0,2.8,,3250390488828,52335010
CUVEE GOURMANDE ROUGE,10257.2,wine,"Ce vin allie une intense palette de fruits roux et noirs à des nuances épicées, offrant un palais riche et velouté. Avec ses tanins harmonieux, il se marie parfaitement avec des viandes rôast ou des fromages comme le Comté ou le Roquefort.","A sophisticated blend of dark berries and spice, this Cuvée Gourmande Rouge offers a rich, velvety texture and a complex bouquet. Pair with roasted game or enjoy alongside dark chocolate for an elegant finish.",https://cdn.shoplightspeed.com/shops/641502/files/65249476/1600x2048x1/olivier-leflaive-bourgogne-rouge-cuvee-margot-2022.jpg,0,9.5,,3464721107511,99024028
R.MAZET IGPOC RGE MERLOT 75CL,3150.78,wine,"Ce vin est un merlot riche et harmonieux, aux arômes intenses de fruits rouges et de tabac, avec une structure subtile et équilibrée. Idéal pour accomagner des viandes rouges, des charcuteries ou des fromages affinés.","Elegant and bold, this Merlot captivates with layers of dark fruit and subtle spice,完美paired with roasted game or dark chocolate, leaving a silky finish.",https://www.calais-vins.com/21374-large_default/l-astucieux-merlot-vin-rouge-igp-pays-d-oc-75-cl.jpg,0,3.0,,3175520018655,52337510
LUBERON LES CLAPES,6848.43,wine,"Ce vin magnifique exhale des notes subtiles de framboise et de cacao, nuances d'épices douces et d'une délicate vanille. Son bouquet complexe se prolonge en une finale équilibrée et harmonieuse, avec une texture veloutée et un fruité persistant. Idéal pour accomagner des viandes grillées ou des plats de charcuterie, ce vin saura séduire les amateurs de vins ronds et épicés. Pairez-le également avec un fromage comme le Roquefort pour une explosion de saveurs mémorable.","Discover the deep, mineral-infused character of Luberon Les Clapes—a harmonious blend of dark berries, spices, and garrigue notes, complementing grilled meats or roasted vegetables, offering a refined yet approachable wine with lingering elegance.",https://img.e-boissons.com/picture/product/CBO/luberon-les-clapes-blanc-2023-cave-de-bonnieux-18544-1-1R9S.png,0,6.5,,3760028200161,99037518
IGP CTE TARN BLC MOEL.EC75CL,3249.61,wine,"Ce vin IGP CTE TARN BLC MOEL.EC75CL est un mélange subtil de fruits noirs éclatants, épices douces et d'une structure harmonieuse. Idéal avec des plats comme le confit de canard ou des charcuteries raffinées. Un vin qui séduit par sa complexité et son équilibre, sans excès ni banalité.","A vibrant blend of ripe cherries and aromatic herbs, offering a balanced acidity. Perfect with roasted chicken or a charcuterie plate.",https://martinique.123-click.com/pub/nos_rayons/boissons/vins_champagnes/.7400198-1_m.jpg,0,3.2,,3250390207634,52338035
IGP ALPILLES ROSE CUVEE EVIDEN,17100.75,wine,"Ce rosé subtil et frais, fruit d'un terroir provençal, se distingue par sa délicatesse et son énergie. Idéal pour accompagner poissons et fruits de mer.","""A vibrant Alpilles Rosé, Cuvee Evident offers captivating aromas of wild strawberries and a hint of Provence herbs. Its balanced acidity and subtle minerality make it an elegant match for grilled salmon or a touch of Mediterranean flair.""",https://produits.bienmanger.com/30933-0w470h470_Rose_Igp_Alpilles_Bio.jpg,0,16.9,,3760059140153,99038691
VAL DE L OULE ROSE TENDRESSE,6283.4,wine,"Un rosé éclatant aux nuances de fruits rouges et à la douceur envoûtante. Ce vin ravira les amateurs de notes subtiles et fruitées, parfait pour accomagner une grillade légère ou une salade de chèvre.","VAL DE L OULE ROSE TENDRESSE is a delicate rosé with vibrant pink hues, offering a harmonious blend of floral notes and zesty citrus. Its crisp acidity makes it an ideal match for grilled chicken or fresh seafood, promising a refreshing and memorable experience.",https://botanic-botanic-storage.omn.proximis.com/Imagestorage/imagesSynchro/500/1600/f079c8633f78fc16c39ae23af7647a7acc1cfeca_1776766.png,0,6.3,,3435600000216,99037387
MAS GOURGONNIER BLANC TRADITIO,10182.09,wine,"Ce vin raffiné se démarque par sa complexité et son équilibre, avec des arômes de fruits exquis. Idéal pour accompagner une cuisine méditerranéenne ou un fromage frais.","Luminous and crisp, MAS GOURGONNIER BLANC TRADITIO features zesty citrus notes balanced by mineral depth. Pair with grilled fish or goat cheese for a vibrant pairing.",https://www.thewineilove.com/media/catalog/product/cache/2/image/605x302/a8c876702c6cb649fba7cbed6b6e2e91/8/8/884ef61cc05106ace4eb8bf22dd27c46.jpeg,0,10.4,,3760104593224,99024945
LANSAC ROUGE 5L,15044.8,wine,"Ce vin Lansac Rouge 5L est un enchantement pour les papilles, avec son éclat de fruits mûrs et sa palette complexifiée par des notes terreuses et vanillees. Idéal pour accompagner des viandes grillées ou des fromages robustes.","""A bold, rich red with deep berry notes and a hint of spice, LANSAC ROUGE complements roasted game and aged cheeses, offering a sophisticated drink for every occasion.""",https://vin54.fr/2886-large_default/rouge-igp-alpilles-excellence-domaine-grand-mas-de-lansac.jpg,0,15.4,,3760059140061,99016145
IGP VAR 100% ROLLE,6007.05,wine,"Ce vin IGP VAR, élégant et fruité, se démarque par sa complexité avec des notes florales et citronnées, rehaussies d'une subtile minéralité. Idéal pour accompagner un poisson grille ou un fromage de caractère.","""A zesty, sun-kissed white from Southern France, where Rolle reigns supreme, offering fresh citrus and mineral notes that pair perfectly with seafood.""",https://vinessen.fr/wp-content/uploads/2018/06/blanc-igp-var-rolle.jpg,0,6.2,,3760146021754,99012664
CDR SEGURET VILLAGES 2021,6493.22,wine,"Ce CDR Seguret Villages 2021 est un vin élégant aux nuances de cerise et d'épices, subtillement vanillé, offrant une structure harmonieuse et un équilibre parfait. Idéal avec des viandes rouges mijotées ou des plats à base de fromage bleu.","A bold, layered red from Seguret’s terroir: dark berries, spice, and mineral depth. Pairs perfectly with hearty stews or robust cheeses.",http://cellar.com/cdn/shop/files/Domaine_de_L_Amauve_Seguret_Seguret_Laurances_-_2021.jpg?v=1718202057,0,6.7,,3341332013137,99040700
IGP TER.MIDI RS GRAINS LISTEL,3305.63,wine,"Ce vin envoûte par ses arômes floraux et fruités, subtilisés par une fraîcheur minérale. Idéal pour accompagner des poissons grillés ou des plats légèrement épicés.","""Vibrant Mediterranean white with a bright herbal glow, crisp acidity, and notes of citrus and wildflowers—pairs perfectly with fresh fish or light appetizers.""",https://media.traiteur.carrefour.fr/media/catalog/product/cache/1/image/9df78eab33525d08d6e5fb8d27136e95/c/r/crf_traiteur_vin_ros_igp_terres_du_midi_grain_de_gris_listel_500x500.jpg,0,3.5,,3244081500005,29499905
IGP VAR MISS GRIS,5664.18,wine,"Ce vin élégant, au bouquet subtil et complexe, se distingue par sa structure équilibrée et son éclat fruité. Doté d'une douceur veloutée, il allie puissance et harmonie, suggérant des accords avec des viandes blanches grillées ou des plats raffinés mettant en valeur la terre.","A captivating blend of ripe berries and mineral depth, this IGP Var Miss Gris balances vibrant fruit notes with sleek acidity, perfect for pairing with grilled meats or robust cheeses.",https://rwmselections.com/cdn/shop/files/DomaineGavotyCotesdeProvenceBlanc_GrandClassique.jpg?v=1738875273,0,6.0,,3760146023659,99032690
AOC 2021 LES TROIS ORATOIRES C,4665.51,wine,"AOC 2021 LES TROIS ORATOIRES C : Un vin d'exception, subtilement équilibré entre douceur et structure.  
Ce cru délice, aux nuances de fruits rouges mûrs et à la texture élégante, ravira les amateurs de vins raffinés. Accordez-le avec une pièce de duck revisité ou un Reblochon pour un mariage parfait.","AOC 2021 LES TROIS ORATOIRES C is a luminous ruby gem, offering enthralling aromas of red berries and spice. Its elegant palate balances dark chocolate and graphite nuances, with a smooth tannin structure that makes it a delightful pairing for roasted meats or hearty cheeses—a true celebration of terroir and craftsmanship.",https://www.xtrawine.com/cdn/shop/files/clos-de-l-oratoire-des-papes-chateauneuf-du-pape-rouge-2021_45094_2.webp?v=1738221482&width=416,0,5.0,,3760012970506,99041482
IGP T.CAMARGUE BLC BIO 75CL,4562.25,wine,"Ce vin bio, issu de l'appellation IGP T.Camargue, se distingue par son éclatant rose pâle et des arômes subtils de fruits rouges. Découvrez sa fraîcheur équilibrée avec une note saline et des nuances végétales. Idéal pour accompagner des grillades, des poissons ou des fromages blancs.","A crisp, mineral-driven organic white from France’s sun-kissed Camargue region, pairing perfectly with oysters and light fish dishes.",https://media.licdn.com/dms/image/v2/D4D22AQFGtyGvvirRwg/feedshare-shrink_800/feedshare-shrink_800/0/1725532776445?e=2147483647&v=beta&t=jHbFXVmkNe6LVlZPj8nad1OA174bMr5hNNDvp8oPvp4,0,5.3,,3545440130148,29500339
TERRES ET LUMIeRES VENTOUX BLA,5634.9,wine,"Terres et Lumières Ventoux Bla : Un vin aux arômes envoûtants de fruits rouges et d'épices douces, avec une texture éclatée et un subtil équilibre entre puissance et finesse. Originaire des terres rougeaudes du Ventoux, il dévoile des nuances de cacao et de poudre de sable, révélant la richesse du terroir provençal. Idéal avec une civelle grillée ou un fromage de chèvre.","Discover TERRES ET LUMIERS VENTOUX BLA—a bold, mineral-infused red with vibrant dark fruit notes. Pairs perfectly with grilled lamb or hearty stews.",https://wineanorak.com/wp-content/uploads/2024/04/P3190312.jpg,0,6.5,,3760033100081,99003837
IGP ROUGE FRISSON VAL DE L'OUL,6352.27,wine,"Ce vin rouge IGP est une véritable explosion de fruits frais et d' nuances minérales, sublimant le caractère unique du terroir du Val de l'Oul. Avec sa structure équilibrée et son fruité persistant, il s'accorde à merveille avec des plats mijotés ou des viandes rouges comme un veau ou un gibier rôti. Un vrai régal pour les amoureux de vin !","The IGP ROUGE FRISSON VAL DE L'OUL harmonizes rich dark fruit flavors with subtle spices, its vibrant acidity complementing dishes like charcuterie.",https://www.vignoblesbenoit.fr/wp-content/uploads/2024/07/7B30B345-3D4B-46E4-A6FF-430476624D27-284x1024.jpg,0,7.4,,3435600000230,99036806
VENTOUX ROSE 1911 LEGENDE 75CL,5170.79,wine,"VENTOUX ROSE 1911 LEGENDE 75CL :  Un rosé élégant, aux nuances pétale de rose et arômes de fraises des bois, avec une fraîcheur gourmande et une subtile minerale. Pairez-le avec des poissons grillés ou des antipastis pour un moment inoubliable.","Ventoux Rose 1911 Legende: A classic Provence rosé, pairing perfectly with grilled chicken and seafood—each sip a taste of history.",https://www.b-21.com/labels/live/FRHGBRNVGE.jpg,0,6.2,,3760106128462,99089046
IGP ROUGE CUVEE ALPILLES BIO 2,8118.0,wine,"Ce vin bio IGP rouge Cuvée Alpilles 2, d'une élégance raffinée, se démarque par son éclat fruité et sa douceur veloutée. Avec une complexité subtile, il allie force et finesse, parfait pour accompagner des grillades, des viandes rouges ou des fromages crémeux.","A vibrant, organic red blend with notes of dark fruit, spice, and a touch of minerality—perfectly paired with grilled meats or aged cheeses.",https://www.vinatis.com/93178-detail_default/alpilles-rouge-2022-domaine-de-valdition.png,0,9.9,,3760063300628,99010235
MAS DE LA DAME ROSE DU MAS,8494.5,wine,"Ce vin rosé, issu des vignobles de Provence, dévoile une palette d'arômes subtils et enivrants. Avec sa texture équilibrée et sa fraîcheur ravissante, il s'accorde parfaitement aux plats estivaux et aux pâtes légères. Un compagnon idéal pour des moments de pur plaisir !","Elegant and refreshing, MAS DE LA DAME ROSE DU MAS offers bright strawberry and citrus notes, ideal for pairing with grilled salmon or a lazy summer evening.",https://www.laversionedigunter.com/media/images/desktop/ros%C3%A9-du-mas-mas-de-la-dame%40800xauto_r.jpeg.webp,0,10.5,,3464723207516,99016135
LANSAC BLANC 5L,12302.05,wine,Ce vin blanc envoûtant se démarque par son éclatant bouquet de fruits exquis et sa douceur raffinée. Idéal pour accompagner des poissons grillés ou des viandes blanches.,"""Lansac Blanc 5L: A crisp, vibrant white wine with zesty citrus notes and mineral undertones, perfect for pairing with grilled seafood or a fresh salad.""",https://www.tremoine.com/220-thickbox_default/terres-de-lansac-2021.jpg,0,15.9,,3760059140085,99016148
VAL DE L'OULE ROUGE EMOTION,5918.9,wine,"Val de l'Oule Rouge Emotion : Un vin expressif et riche, aux nuances subtilles de cassis et de réglisse, porté par une douceur élégante. Idéal pour accompagner des grillades ou des viandes en sauce.","A bold, flavorsome Rhône Valley red, blending Grenache and Syrah for rich spice and dark fruit notes with a touch of elegance. Pairs perfectly with roasted meats or hearty stews.",https://images.vivino.com/thumbs/013y2dsf8elbs_150x200.jpg,0,7.9,,3435600000209,99037386
COTES DE PROVENCE CŒUR ROSE,4878.72,wine,"Ce rosé envoûtant, aux nuances subtiles de rosette, révèle des arômes frais et éclatants de fruits rouges et de litchi. Alliance parfaite entre douceur et vivacité, ce vin est issu d'une assemblage raffinée de Grenache, Syrah et Cinsault. Son nez délicat se mêle à des notes minérales pour une explosion de gourmandise. Idéal pour accompagner un poisson grillé ou des fromages frais, ce Cotes de Provence Cœur Rose séduira les amateurs de douceur équilibrée et de simplicité élégante. Partagez-le avec vos proches pendant une convivialité inoubliable ou savourez-le seul, détendu, sous le soleil provençal.","Côtes de Provence Cœur Rose is a vibrant rosé, offering a refreshing blend of wild strawberries and zesty citrus notes, ideally paired with grilled shrimp for a harmonious pairing.",https://maisoncr.com/wp-content/uploads/2017/12/CR-Reserve.jpg,0,6.6,,3760057981154,99020444
LAGOY VIN ROSE 5L,19036.5,wine,"Ce rosé éclatant, aux nuances pâles et fruitées, dévoile des arômes subtils de framboise et de groseille. Idéal pour les apéritifs ou les moments de détente, il s'accorde à merveille avec des pâtés, des fruits de mer ou des fromages doux. Un vin rafraîchissant et équilibré, parfait pour partager entre amis ou comme un préjugé délicat en solo.","""A luminous Rosé with delicate berry notes and a subtle mineral edge, this wine pairs beautifully with fresh sushi or a cheeseboard featuring mild goat cheeses.""",https://domaine-lagoy.com/wp-content/uploads/2022/04/Blanc-Chapelle-300x300.png,0,25.9,,3760063300352,99051061
AOP CAB.ANJOU RS EX.CLUB 75CL,2898.7,wine,"Ce vin est une pure merveille de l'AOP Anjou, subtil et raffiné, avec des notes fruitées et épicées. Idéal pour accompagner des rôtis ou des fromages de caractère.","""AOP Cabernet d'Anjou RS exudes harmonious power and elegance, with layers of cassis, violet, and subtle sweetness. Perfect for duck or foie gras.""",https://drhmarket.fr/39484-medium_default/exp-club-aop-cabanjou-rs-exclub-75cl.jpg,0,3.9,,3250390261735,52344335
IGP ROSE ETOILE DES ALPILLES,3527.45,wine,"Ce rosé IGP Étoile des Alpilles est un vin raffiné et harmonieux, éclatant de fraîcheur avec des arômes fruités et floraux. Idéal pour accompagner des plats légers ou légèrement pimentés, son effervescence subtile vous charmera par sa longueur en bouche.","Elegant and captivating, this rosé from Provence offers crisp acidity and notes of wild berries, lavender, and a touch of minerality. Pair with grilled chicken or goat cheese for a perfect match.",https://www.vinatis.co.uk/96467-detail_default/alpilles-rose-2024-domaine-de-valdition.png,0,4.8,,3760251190161,99035796
BORDEAUX CHaTEAU MARQUIS DES B,3602.78,wine,"Ce Bordeaux du Château Marquis Des B est un vin élégant et riche, avec des arômes de cassis, de violettes et d'épices douces. Sa structure dense s'accompagne d'un équilibre subtil entre puissance et douceur, offrant une finale longue et harmonieuse. Idéal pour accompagner un boeuf bourguignon ou des plats rôtis, ce vin se déguste avec plaisir entre 16° C et 18° C.","Bordeaux's Château Marquis des B offers a bold, rich blend of dark fruit and subtle vanilla. Pair with grilled red meat or aged cheese for an unforgettable pairing.",https://wineconsigners.com/cdn/shop/products/2000marquisdeterme.jpg?v=1616650422,0,5.0,,3259354143001,99031283
COTEAUX VAROIS LES RESTANQUES,6352.25,wine,"Ce Côteaux Varois Les Restanques est une explosion de fruits exquis, avec des notes de citron et de miel. Son équilibre subtil entre douceur et acidité en fait un vin rafraîchissant et élégant, idéalement associé à des viandes grillées ou des fromages corsés.","Ruby-hued, this Côteaux Varois Les Restanques offers layers of dark cherry, spice, and herbs, paired perfectly with grilled lamb or aged cheeses.",https://images.vivino.com/labels/hnMAdBjgRHmRnSpezj1_vQ.jpg,0,8.8,,3760146023567,99013634
DOMAINE DE LAGOY BIO 2023,7098.3,wine,"Découvrez le Domaine de Lagoÿ Bio 2023 : un vin bio subtil et en harmonie avec son terroir, idéal pour des plats raffinés ou une dégustation méditative.","Discover the vibrant elegance of Domaine de Lagoy Bio 2023—a harmonious blend of crisp apple and subtle herbal notes, complemented by a touch of spice. Pair with roasted poultry or aged cheeses for a sophisticated pairing.",https://i0.wp.com/domaine-lagoy.com/wp-content/uploads/2021/09/b-blanc-classique-verre-domaine-de-lagoy-boutique.jpg,0,9.9,,3760063300024,99013439
IGP HERAULT RGE E.CLUB75CL,1450.32,wine,"Ce vin riche en arômes de fruits mûrs et épicés, avec une texture soyeuse et une longueur impressionnante, se mariera à merveille avec des viandes rouges ou des fromages affinés.","A vibrant blend of ripe fruit and subtle herbs, this IGP Herault captures the essence of southern France, pairing perfectly with grilled chicken and roasted vegetables.",https://drhmarket.fr/38800-large_default/exp-club-igp-herault-rge-eclub75cl.jpg,0,2.0,,3250390051534,52337100
COTES DU RHONE PERRIN ROUGE,6804.7,wine,"Découvrez un vin rouge intense, aux nuances subtiles et épicées, offrant une harmonie de fruits mûrs et d'une douceur exquise. Idéalement associé à des viandes rouges ou des fromages robustes pour une expérience gustative inoubliable.","Côtes du Rhône Perrin Rouge: A bold, complex blend of dark berries and spice, with a smooth, lingering finish—pairs beautifully with grilled meats or hearty stews.",https://cdn.vin.co/_clients_folder/perrin/Nature_Rouge_1651744716_retina.jpg,0,9.6,,3296180000160,99005112
IGPOC CIN.GRENACH RS R.MAZET75,2087.44,wine,"Ce vin Cinsault Grenache IGPOC RS de la cuvée R.MAZET75 ravira les amateurs avec ses arômes intenses et sa structure riche, idéalement associé à des plats comme unveau en sauce ou une charcuterie revisitée.","""A luminous Grenache Rosé from R. Mazet75, balancing vibrant fruit with crisp acidity—pairs perfectly with grilled lamb or spicy tapas.""",https://media.carrefour.fr/medias/6c2c40684dee4081bc6590d49ea15e49/p_1500x1500/03175520018686_A1C1_s03.png,0,3.0,,3175520018686,52339397
IGP OC CAB SAUV RG CX PIN 75CL,1567.77,wine,"Ce vin IGP, issu de la région Occitanie, se démarque par sa complexité et ses arômes intenses de cassis et de menthe poivrée. Alliance subtile entre puissance et élégance, il affiche des tanins doux et une structure harmonieuse. Idéal pour accompagner un filet de bœuf ou une雉e rôtie.","Elegant and inviting, this Cabernet Sauvignon reveals complex layers of blackcurrant, spice, and subtle oak. Pair with grilled lamb or a rich cheese platter for a sophisticated experience.",https://drhmarket.fr/40902-medium_default/croix-pin-igp-oc-cab-sauv-rg-cx-75cl.jpg,0,2.2,,3250390801078,52337602
VAL DE L'OULE BLANC PLAISIR,6016.4,wine,"Un vin blanc éclatant et pétillant, avec un nez minéral et fruité, la bouche harmonieuse et subtile. Idéal pour accompagner des poissons grillés ou une salade de fruits frais et fromage de chèvre.","Crisp citrus and delicate floral notes define this refreshing white wine, perfect for pairing with seafood or light meals.",https://images.vivino.com/thumbs/B85oMKEtSLGz0QoOODLU4A_150x200.jpg,0,8.9,,3435600000223,99037388
AOP PETIT CHABLIS BL EXP CLUB,7689.75,wine,"Découvrez le Petit Chablis EXP Club, un vin envoûtant par sa douceur et son équilibre, délicatement parfumé aux nuances florales et minérales. Idéal pour accompagner des poissons ou des fromages frais.","Elegant and refreshing, this AOP Petit Chablis balances subtle fruit with zesty acidity, ideal for oysters and goat cheese.",https://www.grapelive.com/wp-content/uploads/2023/11/22LavanPC.jpg,0,11.4,,3250392362898,17468346
IGP OC GRIS DES LAUNES,2807.3,wine,"Découvrez ce vin rosé subtil, fruit des vignerons passionnés des Launes. Avec ses notes fruitées et花卉, il se marie parfaitement aux poissons grillés ou fromages frais.","Elegant and mineral-driven, this IGP OC Gris des Launes balances crisp pear notes with a touch of honey, complementing light cheeses beautifully.",http://www.thefrenchcornerwines.com/wp-content/uploads/2020/05/Pot-de-Vin-rose.jpg,0,4.2,,3392120003533,99002256
COTES DU RHONE RGE GUIGAL,6528.27,wine,"Ce vin incarne l'élégance et la complexité, avec des arômes d'éclat violette, de fruits noirs mûrs et des nuances épicées. Son texture veloutée et sa structure minérale en font un compagnon idéal pour les charcuteries ou les viandes rouges. Accordez-le à une volaille rôtie ou des poissons grillés pour un mariage subtil et raffiné.","Elegant blend of dark berries and spice, with velvety tannins and a touch of herbs, pairing perfectly with grilled meats or hearty stews.",https://winesonline.com.sg/cdn/shop/products/E-Guigal-Cotes-du-Rhone-Rouge_1600x.jpg?v=1567498105,0,9.8,,3536650501002,17376801
VAL DE L'OULE ROSE DESIR,6287.36,wine,"Le Rosé Desire, un vin éclatant et fruité avec des notes subtiles de pêche et de romarin. Idéal pour accompagner une grillade ou des fromages frais.","""A vibrant rosé with hints of summer fruits and a refreshing mineral edge, pairs beautifully with light appetizers or grilled fish.""",https://images.vivino.com/thumbs/XEA9AxXSRPCXC5Hw-tvvsw_375x500.jpg,0,9.6,,3435600000032,99088812
IGP OC MERLOT RSE XPIN 75CL,1680.01,wine,"Ce vin élégant aux nuances de fruits rouges et noires, subtil et équilibré. Idéal pour accompagner des viandes grillées ou une quiche au chèvre.","Elegant and robust, this Merlot offers rich dark fruit aromas and smooth tannins. Perfectly paired with grilled lamb or dark chocolate for a sophisticated pairing.",https://media.carrefour.fr/medias/c09cc82580b24b95ba70c49c24b0cd4f/p_1500x1500/03175520018655_A1C1_s02.png,0,2.6,,3250392336707,17410880
IGP OC SAUVIGNON BL CX PIN 75,1585.61,wine,"Ce Sauvignon Blanc IGP OC délice à la fois frais et pétillant, avec des notes de citron vert et de pomme verte, se marie parfaitement avec des scallops grillés ou un fromage de chèvre.","A crisp, zesty Sauvignon Blanc from IGP OC, offering vibrant citrus notes and subtle herbal hints, pairs wonderfully with light appetizers or seafood.",https://ruedefrance.com.br/wp-content/uploads/2023/05/IGP-OC-SAUVIGNON-BL-CX-PIN-75-1.jpg,0,2.5,,3250390800996,52338202
AOP CHABLIS BLC EXPERT CLUB 75,8185.16,wine,Ce Chablis AOP captive par sa minéralité raffinée et son équilibre subtil. Un compagnon idéal pour des huîtres ou des poissons richement parfumés.,"AOP Chablis BLC Expert Club 75: A refined white wine from Burgundy, offering crisp acidity, delicate floral notes, and subtle mineral undertones. Pairs wonderfully with scallops or a Camembert cheese. Each sip reveals the essence of Burgundy's terroir.",https://www.zounko.com/products/3250391594993-expert-club-aop-chablis-blanc-expert-club.jpg,0,13.2,,3250391594993,17058346
AOP CTE RHONE RGE TRADITION 75,1704.0,wine,"Ce vin AOP Rhône Tradition 75 est un éclat de puissance et d'élégance, avec des arômes complexes de fruits noirs et de nuances épicées. Idéal pour accompagner une cuisson roasted ou un plateau de fromages robustes.","This AOP CTE Rhône RGE Tradition 75 offers rich, elegant notes of dark fruits and spices, complemented by subtle tannins and a harmonious balance. Pair with grilled meats or hearty stews for a pairing that enhances the wine's depth and complexity.",https://media.cdnws.com/_i/370796/556/3089/56/aop-cotes-du-rhone-rouge-cuvee-tradition-2022-75-cl-medaille-or-concours-des-vins-a-orange-2023.png,0,2.8,,3410280017815,52341015
MAS GOURGONNIER ROSE TRADITION,5631.09,wine,"Ce MAS GOURGONNIER ROSE TRADITION est un vin subtil et équilibré, offrant une délicate fraîcheur et une complexité aromatique avec des notes de fruits rouges et des nuances florales. Idéal pour accomagner des viandes grillées ou une salade provencale rafraîchissante.","Elevate your palette with MAS GOURGONNIER ROSE TRADITION—a delicate blend of fresh strawberries and subtle mineral nuances, perfectly balanced with crisp acidity. Pair with grilled chicken or light salad for an unforgettable experience.",https://produits.bienmanger.com/30947-0w0h0_Mas_Gourgonnier_Cuvee_Tradition_Organic_Rose_Wine_From_Provence.jpg,0,9.9,,3760104593125,99024946
IGP VAR DOMAINE DE PELISSE - C,3462.8,wine,"Ce vin IGP Var Domaine de Pelisse - C est une merveilleuse harmonie de fruits mûrs et d'épices douces, sublimée par des tannins soyeux. Idéalement associé à des viandes grillées ou des plats mijotés, il ravira les amateurs de saveurs équilibrées et raffinées.","Elegant and mineral-driven, Domaine de Pelisse IGP VAR offers crisp citrus and subtle almond notes, perfect for pairing with bouillabaisse.",https://i.f1g.fr/media/ext/704x396_cropupscale/avis-vin.lefigaro.fr/var/img/176/43776-650x330-barons-de-rothschild-credit-emanuele-scorcelletti.jpg,0,6.1,,3760146021358,99005261
IGP DES MAURES CUVEE ANE VOLAN,2924.4,wine,"Ce vin IGP Des Maures Cuvee Ane Volan est un équilibre subtil entre douceur et complexité, avec des notes de fruits mûrs et une touche minérale. Idéal pour accompagner des grillades ou des fromages fermiers.","Elegant and nuanced, this IGP Des Maures Cuvee Ane Volan offers a harmonious blend of dark berries, spice, and subtle herbal notes. Pair with grilled lamb or hearty cheeses for a sophisticated pairing.",https://www.hachette-vins.com//uploads/media/vinDuJour/0001/16/6212a6cbd2979ef23c081d15dcf25bc83bcc9cd2.png,0,5.2,,3760057981192,99023011
IGP TERRE CAMARGUE ROUGE 75CL,2955.75,wine,"Ce vin rouge IGP Terre Camargue, richement tanné et épicé, dévoile des nuances de fruits roux et de poivre. Idéal avec des viandes rôties ou des fromages fermiers.","""A bold, vibrant red with rich dark fruit notes; pairs beautifully with grilled Provence lamb or hearty stews.""",https://ls.codetech.nl/shops/305710/files/459503832/image.jpg,0,5.3,,3545440110140,29500337
COTES DU RHONE PRESTIGE LE SER,3462.45,wine,"Ce vin élégant, fruité et équilibré,Alliance subtile de mûres noires, épices douces et touches vanille. Accompagne parfaitement les plats raffinés à base de duck ou de viandes rouges.","Côtes du Rhône Prestige Le Ser captivates with its rich bouquet of dark fruits and spice, perfectly paired with red meat or roasted dishes, offering a harmonious blend of elegance and power.",https://www.vignapart.com/2287-superlarge_default/domaine-de-saint-ser-prestige-ros%C3%A9.jpg,0,6.2,,3700025909339,99006929
MAS DE LA DAME LA STELE BLANC,6900.0,wine,"MAS DE LA DAME LA STELE BLANC Un vin blanc raffiné et équilibré, MAS DE LA DAME LA STELE s'ouvre sur des arômes de citron vert et pamplemousse, nuances minérales subtiles, une palette fruitée et acidulée. Idéal pour accompagner des poissons grillés ou des plats à base de fromage frais.","MAS DE LA DAME LA STELE BLANC is a captivating blend of mineral elegance and floral charm, offering notes of citrus and honeysuckle with a refreshing finish. It pairs perfectly with fresh seafood or a delicate cheese platter, evoking a sense of serene sophistication for every occasion.",https://masdeladame.com/wp-content/uploads/2022/03/Stele-Blanc-scaled.jpg,0,12.5,,3464720001001,99016133
AOP CTE RHONE RG JOANNES75,1114.89,wine,"Ce vin AOP Rhône joue une symphonie de fruits noirs et d'arômes épicés, avec des nuances subtiles de cacao et de violette. Idéal pour accompagner un civet de lièvre ou une viande en sauce, il se distingue par sa structure équilibrée et son fruité persistant. Un vin raffiné, à déguster entre 16 et 18 °C, qui s'offre en souvenir d'un terroir magnifique.","A bold Rhone blend with rich dark fruit and spice notes, this wine pairs perfectly with grilled meats and robust dishes.",https://media.carrefour.fr/medias/9d122d8c21e73f768970b7aa530bc131/p_1500x1500/3660989256521-0.webp,0,2.0,,3410280017792,52341010
IGPOC RG O.CAMBRAS CAB SAUV 75,1702.06,wine,"Ce vin est une véritable explosion de fraîcheur et d'intensité, avec des arômes dominants de cassis et de mûre, relevés par des notes subtiles de tabac et de graphite. Son corps ample et son tannin équilibré en font un compagnon idéal pour les viandes rouges ou des fromages comme le Roquefort.","Bold and aromatic, this Cabernet Sauvignon unveils notes of ripe blackcurrant and hints of oak-spice, complementing rich dishes like grilled lamb or steak.",https://drhmarket.fr/31820-large_default/cambras-espagne-merlot-cabernet-sauvignon-rouge-75cl.jpg,0,3.2,,3211203420039,17110890
AOP BOURG.ALIGOTE EX.CLUB 75CL,3470.69,wine,"Ce vin AOP Bourg Aligote ExClub est une véritable explosion de parfums subtils et d'acidité équilibrée, avec des notes de citron vert, de fleurs blanches et d'une délicate minéralité. Sa texture ample et sa vivacité en font un compagnon idéal pour des accords mets-vins raffinés, comme une salade de fruits de mer ou des fromages frais.","Experience the crisp minerality and vibrant acidity of this AOP Bourg Aligoté, a delicate white with subtle citrus notes. Pairs perfectly with scallops or a platter of goat cheese.",https://static.xtrawine.com/images/products/wines/domaine-de-la-roche-aigue-bourgogna-blanc-auxey-duresse-2020_39315_3.png?h=720&format=webp,0,6.5,,3250390167075,52346261
LE GRIS MAS MARIGNAN PRESTIGE,3053.25,wine,"Le Gris Mas Marignan Prestige : Un vin riche et structuré, aux arômes complexes de fruits rouges et d'épices douces. Idéal pour accompagner un civariglare ou des fromages	RTemps clairs, ce vin se dégustera avec une subtilité et un équilibre qui en font une véritable expérience unique, alliant puissance et élégance.","A sophisticated blend of elegance and boldness, LE GRIS MAS MARIGNAN PRESTIGE features notes of citrus and spice, paired perfectly with roasted salmon or creamy seafood bisque.",https://www.petitescaves.com/cdn/shop/files/P4941-2022_360x.jpg?v=1733544814,0,5.8,,3770016080224,99020195
AOP CDR PRESTIGE RG 75CL,1716.9,wine,"Ce vin AOP CDR Prestige est une explosion de parfums intenses et raffinés, avec des notes de cassis, de poivre et d'épices douces. Son équilibre parfait entre puissance et élégance en fait un compagnon idéal pour les viandes rouges ou des fromages comme le Roquefort.","Discover an elegant AOP Côtes du Rhône with rich dark fruit and spice notes, perfectly pairing with roasted meats or aged cheeses for an elevated drinking experience.",https://www.miamland.com/bundles/miamland/images/visuel/3179071000978.webp,0,3.2,,3179071000978,52341245
LE MAS  BLANC MARIGNANE,2544.45,wine,"Un blanc raffiné et complexe, subtil mariage de citrus, de pomme et d'agrumes. Attaque vive, équilibre parfait, notes minérales persistantes. Idéal avec des poissons grillés, des fromages frais ou une salade César.",LE MAS BLANC MARIGNANE is a luminous white wine with notes of citrus blossom and subtle mineral undertones. Its crisp acidity pairs wonderfully with grilled seafood or a vibrant citrus-infused salad. A refreshing yet complex sip that lingers on the palate.,http://www.les-vignerons-du-quercy.com/preview/new2/MAS-BLC.png,0,4.8,,3538650007058,99073088
COTES DU RHONE PERRIN BLANC,5171.73,wine,"Ce vin élégant et complexe, aux arômes fruités et minéraux, ravira les amateurs de vins raffinés. Idéal pour accomagner des sardines grillées ou un fromage de chèvre.","A crisp, mineral-driven white from Cotes du Rhone, with zesty citrus and hints of honey. Perfect for grilled seafood or fresh goat cheese.",https://cdn.vin.co/_clients_folder/perrin/perrin_perrin_reserve_blanc_2011_macro_jpg_18196_1024.jpg,0,9.9,,3296180000177,99005113
IGP MED PLAISIR BLANC,2604.78,wine,"Ce vin éclatant et subtil ravira les amateurs, s'accordant parfaitement avec des poissons grillés ou des fromages frais de provenance méditerranéenne.","Elegant and crisp, this IGP MED PLAISIR BLANC offers vibrant citrus and honey notes, balanced by zesty acidity. Perfect with grilled seafood or light cheeses—its refreshing finish leaves you yearning for more.",https://cdn.vin.co/_clients_folder/2287PY1RJ0/A_Cap_med_Blanc_240124_1706188241_640.jpg,0,5.0,,3760092070110,99035255
VAL DE L'OULE ROUGE SEDUCTION,5184.91,wine,"Ce vin rouge allie l'éclat rubis et la profondeur d'un bouquet envoûtant, révélant des notes de fruits rouges mûrs et une subtilité épicée. Sa bouche ronde et équilibrée se mariera parfaitement avec un confit de canard ou des fromages comme le roquefort.","""A captivating blend of dark fruit and spice, this seductive red tempts the palate with rich layers, pairing perfectly with grilled meats and chocolate.""",https://images.vivino.com/thumbs/Uw0iMXNWQmiYmORCq6-RqA_150x200.jpg,0,10.0,,3435600000049,99088813
AOP MACON VILL.BL EX.CLUB 75CL,4346.73,wine,"Ce vin AOP Maçon Villages séduit par sa délicate complexité et son éclat fruité, idéal pour accompagner des volailles rôties ou des sauces Cream.","This AOP Maçon Villages Blanc offers a harmonious blend of zesty citrus, subtle minerality, and delicate floral notes, complementing dishes like grilled seafood or roasted poultry.",https://drhmarket.fr/42691-medium_default/exp-club-aop-macon-villbl-exclub-75cl.jpg,0,8.4,,3250391325245,52346051
COTES DE PROVENCE DOMAINE LES,5144.1,wine,"Ce vin incite à la dégustation avec ses arômes de lavande et thym, subtils comme un baiser du mistral. Originaire des Cotes de Provence, ce Domaine LES est un équilibre entre puissance et élégance, idéal pour accompagner une viande grillée ou un repas copieux.","A captivating blend of Provence's timeless charm and modern savoir-faire, this rosé dazzles with notes of wild strawberries and subtle herbs,完美paired with grilled chicken or goat cheese.",https://www.vins-breban.com/images/2023/11/13/domaine-de-paris-rose-cotes-de-provence.png,0,10.0,,3760255430058,99087646
COTES DU RHONE SAINTE ROCHE,4512.32,wine,"Ce vin exceptionnel, issu des coteaux de Sainte Roch, allie la douceur d'un terroir caressé par le Mistral et l'audace du syrah. Sa robe grenat profond se mue en bouquet explosant de fruits rouges et de nuances épicées. En bouche, un équilibre subtil entre puissance et élégance séduit les amateurs. Idéal pour accompagner des plats mijotés, comme une daube provençale ou des grillades, ce vin saura mettre en valeur les saveurs raffinées de votre table.","The robust Cotes du Rhone Sainte Roch offers layers of blackberry and plum, accented by subtle spice, ideal for hearty stews and grilled dishes.",https://www.gardine.com/170-large_default/cotes-du-rhone-rouge-chateau-saint-roch.jpg,0,8.8,,3344392118408,99003282
MAS DAME LA GOURMANDE BLANC,4757.5,wine,"Ce MAS DAME LA GOURMANDE BLANC dévoile un éclatant nez de citron vert et de minéralité, avec des nuances de fruits tropicaux et des notes florales subtiles. En bouche, sa structure équilibrée et raffinée se marie parfaitement avec des accords mets-vins comme le soleil de mer ou les fromages doux.","MAS DAME LA GOURMANDE BLANC is a harmonious blend of crisp citrus notes and subtle floral undertones, offering a refreshing yet elegant palate that pairs perfectly with grilled seafood or a light summer salad.",https://www.belvibio.com/1141038-product_hd/vin-la-gourmande-bio-blanc-mas-de-la-dame-75cl.jpg,0,9.3,,3464724307512,99016136
VCE ROUGE VALRIAN 12  1,1116.0,wine,Ce vin rouge raffiné aux arômes intenses de baies sauvages se détache par ses nuances pimentées et son équilibre harmonieux.,"Elegant and robust, this VCE ROUGE VALRIAN 12 offers layers of ripe berries and subtle spices. Pair with grilled lamb or rich cheese for a memorable pairing.",https://drhmarket.fr/45988-large_default/valrian-vce-rouge-12-15l.jpg,0,2.3,,3250391786909,52334210
IGP HERAULT ROSE 75CL,1027.59,wine,"Ce vin rosé IGP Hérault, en 75cl, est un délice aux nuances subtiles et évoluant. Frais, fruité et élégant, il se marie à merveille avec des poissons grillés ou des fromages frais, comme une alliance parfaite entre douceur et dynamisme.","""A captivating blend of juicy strawberry and subtle mineral notes, this IGP HERAULT ROSE pairs perfectly with fresh seafood or a goat cheese salad, offering a crisp, refreshing elegance that lingers.""",https://www.vignapart.com/2287-superlarge_default/domaine-de-saint-ser-prestige-ros%C3%A9.jpg,0,2.1,,3250390145349,52339100
AOP CTE PROV. BERNE GD RECOLTE,5317.06,wine,"Ce vin AOP impressionne par son éclat de fruits mûrs et sa subtilité boisée, fruit d'un savoir-faire millénaire. Idéal pour accompagner des viandes rôties ou des fromages riches, il se démarque par son alliance parfaite entre puissance et élégance.","Elegant and complex AOP wine from Switzerland's Berne region, pairing beautifully with Gruyère cheese and charcuterie.",https://macave.carrefour.fr/processedfiles/cache/detail/uploads/products/sap_1043150.png,0,10.8,,3760033590028,17410177
AOC VENTOUX MOT DEXCUSE 2020 R,3118.2,wine,"Ce vin AOC Ventoux Mot d'Excuse 2020 R est un bouquet éclatant de garrigue et de notes florales, avec une structure riche et une complexité subtile. Idéal pour accompagner des plats mijotés ou des fromages affinés.","""AOC Ventoux Mot D'Excuse 2020 R offers bold flavors of dark berries and spice, paired with grilled meats or hearty stews for a harmonious pairing.""",https://www.vinatis.com/91207-detail_default/orca-2022-marrenon.png,0,6.4,,3760028200314,99035453
AOC CDR RESERVE ROUGE GRAND CH,2439.15,wine,"Robe pourpre intense, ce vin exprime des arômes raffinés de mûre et de cacao, avec une palette épicée subtile. Sa structure veloutée et sa longueur impressionnante en font un compagnon idéal pour les viandes en sauce ou des fromages comme le Roquefort.","AOC Châteauneuf-du-Pape Reserve Rouge offers bold flavors of dark fruit and spice, complementing red meats or hearty stews.",https://chateaubeauchene.com/cdn/shop/products/16.jpg?v=1632406168,0,5.1,,3365385001545,99066251
MAS DE LA DAMELA STELE RGE,8395.0,wine,"Ce MAS DE LA DAMELA STELE RGE est un vin rouge intense et équilibré, avec des nuances de fruits noirs mûrs, de cannelle et d'ambre. Sa texture veloutée et sa finale élégante le rendent parfait pour accompagner une grillade de viande enrobée de lard ou un dessert aux baies rouges.","Opulent and rich, this wine showcases dark fruit notes layered with spice, its velvety tannins pair perfectly with grilled lamb or a robust cheese platter.",https://img.e-boissons.com/picture/product/MDA/les-baux-de-provence-la-stele-rouge-2021-mas-de-la-dame-19604-1-1RCO.png,0,17.4,,3464726107516,99016138
BANDOL DOMAINE L'OLIVETTE ROSE,6764.02,wine,"Ce rosé riche et subtil invite à une explosion aromatique de fruits rouges mûrs (fraises, framboises) et des notes minérales. Sa structure équilibrée, fruitée et nerveuse, se distingue par sa douceur et son acidité vibrante. Idéal avec des plats grillés, des légumes crus ou des viandes blanches enrobées de fines herbes.","A vibrant Provencal rosé with notes of wild strawberries and subtle herbs. Pairs perfectly with grilled chicken or fresh seafood. A crisp, mineral-infused delight for any occasion.",https://www.nicolas.com/medias/mainProductPicture-ProductDetailsPage-ConversionMediaFormat-null?context=bWFzdGVyfGltYWdlc3w5MzI3M3xpbWFnZS9wbmd8YUdJekwyZzVOaTg1T0RBeE9UVTFORGMxTkRnMkwyMWhhVzVRY205a2RXTjBVR2xqZEhWeVpTMVFjbTlrZFdOMFJHVjBZV2xzYzFCaFoyVmZRMjl1ZG1WeWMybHZiazFsWkdsaFJtOXliV0YwWDI1MWJHd3xmNDM5ODJhYjMxOGFmZTg3YWMyMzExYTQyY2QxNGYwOGU0YmM0ODcyZGI1YzMwMjVhZTMxYWVlNGRhMWZhYjNj,0,14.5,,3458301571120,99032689
AOP COST.NIME.RG.E.CLUB 75CL,1661.03,wine,"Découvrez notre AOP Cost Nimé en 75cl : un bouquet subtil de fruits mûrs et d'épices raffinées, avec des nuances de cacao et de tabac doux. Servez-le avec une viande grillée ou des fromages affinés pour une harmonie parfaite.","""A bold, rich red with layers of dark fruit and spice, this AOP wine from France pairs perfectly with grilled lamb or dark chocolate.""",https://media.naturalia.fr/media/catalog/product/cache/92d3ef1420f22584d764d2b01ae36138/3/4/3428820000111.1_1.jpg,0,3.7,,3250390261797,52340033
IGP MED ROSE STUD MIRAVAL,5295.99,wine,"Ce vin rosé élégant, issu de l'IGP Méditerranée, allie des arômes délicats de fruits rouges et une pointe de minéralité. Son palais équilibré, frais et fruité, se mariera parfaitement avec des poissons grillés ou des plats légèrement acidulés.","A captivating rosé from Provence, this wine offers a delicate balance of vibrant fruit notes and crisp acidity, pairing wonderfully with fresh seafood or goat cheese.",https://www.magnumdevin.com/2950-large_default/jeroboam-rose-studio-miraval-igp-mediterranee-2023.jpg,0,11.9,,3296180007794,999221454
BIB ROSE TERRE DE CAMARGUE REY,7065.85,wine,"Ce rosé envoûtant, Terre de Camargue Rey, dévoile des nuances fruitées et florales, avec une texture légère et élégante. Accompagnez-le d'un poisson grillé ou d'une viande blanche pour un accord mets-vins subtil, inspiré de la cuisine provençale.","A captivating blend of juicy berries and mineral freshness, this Rosé from Terre de Camargue is a perfect match for grilled chicken or light seafood dishes.",https://www.lepetitballon.com/cdn/shop/files/69694_53954625-52aa-410b-b63e-e09b0cff4692.jpg,0,16.0,,3545441020417,99022053
MAS SAINTE BERTHE LA CHAPELLE,7260.0,wine,"Ce MAS SAINTE BERTHE LA CHAPELLE est une explosion de douceur et de complexité, avec des arômes de fruits mûrs et une touche épicée. Idéal pour accompagner une charcuterie ou un gibier mijoté, ce vin apportera une dimension supplémentaire à vos moments conviviaux.","A decadent blend of dark berries and spice, this wine offers a rich, velvety texture with an elegant finish. Pair it perfectly with grilled lamb or roasted vegetables for a sophisticated meal.",https://images.vivino.com/labels/RNUWHZhFRsGzxvtqgku00Q.jpg,0,16.5,,1212121212121,1212121212121
