Nom,Lien
CHEVRE NATURE OU AROMATISE,https://www.lachevrerit.fr/public/img/medium/57cd93245f74afa1f1bbc9d52971885d.jpg
P&C ROCAMADOUR AOP NU 35G,https://les-fromagers.com/wp-content/uploads/2023/10/P781-Rocamadour-AOP-35-g-les-fromagers.com--749x749.jpg?v=1730391592
TOME DE PROVENCE,https://www.fromages.com/media/cache/attachment/filter/wysiwyg_original/87ce74c18aefc3f765aae166bfe23016/19518/6501823f2d914496694021.png
PELARDON,https://www.fromagerieantony.fr/wp-content/uploads/2023/09/Pelardon-coupe.jpg
ST MARCELLIN MERE RICHARD,"https://btd.imgix.net/imgs/stmarcellin-057_2025-02-17-055716_ojoq.jpg?auto=compress,format&q=60&crop=focalpoint&domain=btd.imgix.net&fit=crop&fp-x=0.5&fp-y=0.5&h=600&w=600"
ST FELICIEN MERE RICHARD,https://lechariotafromages.fr/143-large_default/saint-felicien-la-mere-richard.jpg
SECHONS DE CHEVRE,https://www.fromageriedechambery.com/Files/130252/Img/03/Sechons-de-chevre-fromagerie-de-chambery.png
FE ST FELICIEN ST MARCEL 260G,https://www.mescoursesdeproximite.com/images/produits/originale/284214_M1_S1.jpg
CROTTIN DE CHAVIGNOL AOP 60G,https://baronmaxwines.com/cdn/shop/files/cheese-crottin-de-chavignol-aop-60g.webp?v=1720540961
ETOILE QUERCY PAVE DU LOT 180G,https://www.cheesyplace.com/cdn/shop/files/6AA08C6C-2D1F-44CA-B1F0-7E0D017846B2_512x512.jpg?v=1742498998
LE VENTOUX,https://upload.wikimedia.org/wikipedia/commons/0/0e/Ch%C3%A8vres_du_Mont-Ventoux_%C3%A0_Sault.jpg
BANON FEUILLE,https://images.openfoodfacts.org/images/products/647/070/503/2479/front_fr.3.full.jpg
ST FELICIEN TENTATION 200G,"https://intranet.iberconseil.es/sapcs?get&pVersion=0047&contRep=A8&docId=00155D462B3A1ED880BD1BF8C4DC6EF7&accessMode=r&authId=CN%3DICP,OU%3DI0020503345,OU%3DSAPWebAS,O%3DSAPTrustCommunity,C%3DDE&expiration=99991231235959&secKey=MIIBUgYJKoZIhvcNAQcCoIIBQzCCAT8CAQExCzAJBgUrDgMCGgUAMAsGCSqGSIb3DQEHATGCAR4wggEaAgEBMHAwZDELMAkGA1UEBhMCREUxHDAaBgNVBAoTE1NBUCBUcnVzdCBDb21tdW5pdHkxEzARBgNVBAsTClNBUCBXZWIgQVMxFDASBgNVBAsTC0kwMDIwNTAzMzQ1MQwwCgYDVQQDEwNJQ1ACCAogIQMlCUUBMAkGBSsOAwIaBQCgXTAYBgkqhkiG9w0BCQMxCwYJKoZIhvcNAQcBMBwGCSqGSIb3DQEJBTEPFw0yNTA1MTAyMjAwMDhaMCMGCSqGSIb3DQEJBDEWBBQaNAIEC3Mb1W6%2FtekodXyVeIvXMTAJBgcqhkjOOAQDBC4wLAIUZjw7U7oTaTGBvDEdnjjRp2EVVAsCFHcFHttQhthgsWeUrzywH%2FjRfb7g"
BOUYGUETTE,https://www.fromages-de-chevre.fr/sites/default/files/styles/tres_large/public/images/produits/bouyguette.jpg?itok=_ikwwQ8s
FE ST FELICIEN AFFINE 150G,https://ladentduchat.com/cdn/shop/files/saint-felicien-ceramique-984344.jpg?v=1721379182&width=1946
PICODON AOP MERE RICHARD,https://images.openfoodfacts.org/images/products/333/230/000/3199/front_fr.12.full.jpg
FE P&C ST MARCELLIN IGP 2X80GR,https://media.carrefour.fr/medias/97f2b475d0f13af6836408782810681c/p_1500x1500/3245390141774-0.jpg
MOZZARELLA DI BUFFALA,https://naturessoulshop.com/cdn/shop/files/Mozzarella.jpg?v=1743192905&width=1100
XV DU PIC,https://www.affinord.com/assets/uploads/images/products/bak/2586-Pad0.jpg
FE CHEVRE FRAIS 115G,https://images.openfoodfacts.org/images/products/335/815/000/2120/front_fr.22.full.jpg
DEMI BRILLAT SAVARIN AFFINE,https://www.gourmetfoodstore.com/images/PRODUCT/large/2786_3_.jpg
ST MARCELLIN CERAMIQUE,https://www.gourmetfoodworld.com/images/Product/medium/chantal-plasse-st-marcellin-ceramique-1S-1518.jpg
RIGOTTE DE CONDRIEU AOP,https://www.produits-laitiers-aop.fr/wp-content/uploads/2021/09/rigotte-de-condrieu.jpg
QUATRE VENTS,https://www.degustation-fromages.com/wp-content/pic-fromages/QUATRE-VENTS.jpg
FE ROCAMADOUR AOP 2X35G,https://media.carrefour.fr/medias/28b2c6d5de804a8aac25af92a80595a2/p_1500x1500/3245390031341_0.jpg
CHEVRE FRAIS AUX FLEURS,https://preprod.lespetiteslaiteries.fr/wp-content/uploads/2021/05/CHEVRE-FRAIS-FLEURS.png
LE CHEVROT NU 200G,https://www.carredeboeuf.com/300637-medium_default/le-chevrot-cendre-fromage-de-chevre-au-lait-cru-francais-200g.jpg
P&C STE MAURE TOURAINE AOP250G,https://www.biocoop.fr/media/catalog/product/4/2/4208410228-3422290000022--ste_maure_de_touraine_fermier_aop_250g-lv6000.jpeg?quality=80&bg-color=255,255,255&fit=bounds&height=460&width=460&canvas=460:460
FE VIVALDI BURRATA 200G,https://www.coursesu.com/dw/image/v2/BBQX_PRD/on/demandware.static/-/Sites-digitalu-master-catalog/default/dw77845dbc/8002461872419_A1C1_7163395_S17.png?sw=388&sh=388&sm=fit
YAOURT NATURE MERE RICHARD,https://www.maitres-laitiers.fr/sites/default/files/2020-04/la-mere-richard-fromage-635x500.jpg
FE MOZZA DI BUFALA BONBON 200G,https://i.ebayimg.com/images/g/Ra4AAOSwym1cm-uV/s-l1200.jpg
FE P&C 1/2REBLOCHON AOP LC250G,https://www.amisdelaferme.fr/4119-home_default/reblochon-fermier-aop-1-2-250-grs-env.jpg
BUCHE DE CHEVRE,https://dairy-products-from-france.com/wp-content/uploads/2014/10/fr39_-buchette_affinee-840x630.jpg
FE BURRATA DE CHEVRE 120G,https://wholesale.vannellacheese.com.au/cdn/shop/files/Baby_Burrata_120g_4x30g_Packaged.png?v=1731988590&width=533
BRIQUE CENDREE,https://www.fromages.com/media/cache/attachment/filter/wysiwyg_original/87ce74c18aefc3f765aae166bfe23016/19852/6502c899216eb047095491.png
FROMAGE DE CHEVRE FERMIER X2,https://www.affinord.com/assets/uploads/images/products/bak/2682-aeD0.png
1/2M ABONDANCE LC AOP 4K5/5KG,https://fermeboisier.com/wp-content/uploads/2022/01/abondance-fruitier-1.jpg
P&C SELLES/CHER AOP 150G,https://monepiceriegourmande.com/cdn/shop/files/8CC49335-9242-462B-994F-5B81C93C3A02.jpg?v=1700835057
TOMME AUX FLEURS,https://cdn.shopify.com/s/files/1/0403/5061/3655/products/5782.jpg
MOZZARELLA DI BUFALA TRESSE,https://www.produits-italiens.fr/5069-large_default/tresse-de-mozzarella-di-bufala-dop.jpg
COMTE EXTRA AOP 18M 1/8 5KG,https://image.isu.pub/250124020657-66080763bb2874df4ab2b1db5913be80/jpg/page_1_thumb_large.jpg
P&C CHABICHOU AOP 150G,https://monepiceriegourmande.com/cdn/shop/files/8CC49335-9242-462B-994F-5B81C93C3A02.jpg
FE PLATEAU 3 FROMAGES 190G,https://miamland.com/bundles/miamland/images/visuel/3492847279003.webp
CABECOU PERIGORD CAISSE 12X35G,https://fromagerie-chevrefeuille.com/wp-content/uploads/2022/12/cabecou-perigord.png
APERITIF BQ LAIT CRU VACHE,https://ciss-imagearticle.s3.fr-par.scw.cloud/1393271/154172/big_3_1035780.jpg
GORGONZOLA A LA CUILLERE,https://www.fromagerie-tourrette.com/wp-content/uploads/2020/03/Capture_d_ecran_2024-02-02_a_15.19.14-removebg-preview.png
FIGOU,https://lechariotafromages.fr/746-large_default/figou-fermier-lait-cru.jpg
SAINT DOMNIN A LA LAVANDE,https://www.produits-laitiers.com/app/uploads/2019/04/2052_carr%C3%A9-saint-domnin-1.jpg
BRIE DE MEAUX,https://upload.wikimedia.org/wikipedia/commons/8/88/Brie_01.jpg
FE PARMI REGG AOP COPEAUX 100G,https://media.carrefour.fr/medias/c1d948fc467834289bb962f118a5d4f6/p_540x540/8010883003946-photosite-20211209-185616-0.jpg
ENROBE AIRELLES 80G,https://www.foodexplore.com/media/catalog/product/cache/cfb506310985da6e6b5b75be9be619ee/f/o/formaggio-enrobe-airelles.jpg
PARMIGIANO REGG AOP 24M 4.5KG,https://us.emiliafood.love/cdn/shop/products/ParmigianoReggianoDOP18mesimonthsPDOEMILIAFOODLOVESelectedwithloveinItaly.jpg?v=1636305264
EMMENTAL LT CRU 1/8M 27% 10KG,https://fromagerie-mauron.fr/c/m/0002537/605_605_crop__default/EMMENTAL-GRAND-CRU-LABEL_ROUGE-1KG.jpg
MOTHAIS SUR FEUILLE,https://thecheeseatlas.com/wp-content/uploads/2020/06/Mothais-Sur-Feuille.jpeg
MORBIER AOP 100J 1/2M 3K5,https://www.cremerie-juraflore.com/photos/produit-56-161.jpg
LOU PERAC PERAIL BREBIS 150G,https://epiceriecorner.co.uk/cdn/shop/products/fromage_de_brebis_perail_lou_perac_150g.jpg?v=1737581598
MASCARPONE GORGONZOLA 1.2KG,https://www.foodexplore.com/media/catalog/product/cache/cfb506310985da6e6b5b75be9be619ee/t/r/tronchetto_noci_formaggio_con_mascarpone_zola_e_noci.jpg
GALLETOUT,https://www.fromages.com/media/cache/attachment/filter/wysiwyg_original/87ce74c18aefc3f765aae166bfe23016/19200/65005836bd1f7623172085.png
BURRATA,https://fromagescda.com/910-large_default/burrata.jpg
FE CAMEMBERT PYRO ISIGNY 250G,https://drhmarket.fr/57956-large_default/isigny-250g-camembert-pyrograve-lait-microfiltre.jpg
FE CAMEMBERT LAIT CRU AOP 250G,https://fromageriegillot.fr/wp-content/uploads/2018/02/Camembert-AOP-Gillot-Noir-Medaille-04058.jpg
RACLETTE,https://www.fromagerie-tourrette.com/wp-content/uploads/2020/03/Sujet.png
GRAND MORIN A LA TRUFFE D'ETE,https://preprod.lespetiteslaiteries.fr/wp-content/uploads/2020/12/GRAND-MORIN-A-LA-TRUFFE-ETIQUETTE.png
ST NECTAIRE FERMIER,https://www.fromagerieantony.fr/wp-content/uploads/2023/01/Saint-Nectaire.jpg
EMMENTAL LT CRU 1/8M 27% 10KG,https://www.splo.fr/media/cache/attachment/filter/product_gallery_main/c6edc887e6ca2148a7a912c5ac4b7219/2954/65114708be17f861818874.jpg
GRUYERE FRANCE IGP 5K5,https://drhmarket.com/10470-thickbox_default/gruyere-france-igp-5k5.jpg
*L'ENROBE ABRICOT 80G,https://fromagerie-chevrefeuille.com/wp-content/uploads/2021/11/image67.jpeg
FE FETA GRECQUE AOP 180G,https://img.ankorstore.com/products/images/599341-47df88d2f3f3c9.jpg?auto=format%2Ccompress&fm=pjpg&dpr=2&h=200&w=200&fit=crop&crop=faces&force_format=webp
LE SAUVAGET,https://johnnyblanc.fr/wp-content/uploads/2018/06/Sauvaget-cendr%C3%A9.jpg
VAGNE COMTE 9/12MOIS 1/8M 5KG,https://www.cnk-foodmarket.com/cdn/shop/files/FROC010.jpg
COMTE 12 MOIS,https://images.openfoodfacts.org/images/products/267/132/502/8932/front_fr.4.full.jpg
BEAUFORT PTPERCE AOP 1/12M 3K5,https://www.lakoop.com/2405-large_default/beaufort-ete.jpg
COURONNE LOCHOISE,https://les-alpages.fr/wp-content/uploads/2014/09/146.couronne_lochoise.jpg
P&C ST NECTAIRE LAITIE AOP 1K7,https://media.carrefour.fr/medias/11070a9526dd3c3da4d53583257b447b/p_1500x1500/3245390135803-0.jpg
FE BRILLAT SAVARIN IGP 200G,https://jacobsons.ca/cdn/shop/products/BrillatSavarinFrais_1000x1000.png?v=1642881528
FE HALLOUMI AOP 225G,https://bf1af2.a-cdn.akinoncloud.com/products/2024/09/11/79534/2e7fe23b-cc2d-4c08-acf1-d9801c43a043_size3840_cropCenter.jpg
*PICODON AOP 60G,http://straitscheese.com/cdn/shop/products/PICODON.jpg?v=1705555987
FE EPOISSES AOP 250G,https://www.fromagerie-clochedor.fr/app/uploads/sites/6/2019/08/Epoisse-Etiquettes-1kg-300-min-345x291.jpg
P&C MORBIER AOP LC 6K5,https://rappel.conso.gouv.fr/image/ec9ce5bf-ec7e-478b-922a-00ea16e3ee0b.jpg
GP CANTAL JEUNE LAIT CRU AOP5K,https://www.fromagerie-stbonnetdesalers.com/media/images/catalog/article/97/mediumDetail/73.JPG
TOMME CAZELLES BREBIS 4.4ENV,https://www.lepanierducausse.fr/1413-large_default/tomme-des-cazelles-fromage-de-brebis-pasteurise.jpg
TOMME DE MONTAGNE CHARTREUSE,https://www.fromagerieantony.fr/wp-content/uploads/2023/09/Tomme-de-Chartreuse.jpg
P'TIT BASQUE PUR BREBIS 660G,https://www.frenchclick.co.uk/images/product/medium/9901.jpg
REBLOCHON FERMIER AOP,http://www.primegourmet.ae/cdn/shop/products/reblochon-fermier-aop-cows-milk-500g-542688.png?v=1681725400
ITCHEBAI CHEVRE&BREBIS 4K5,https://www.coursesu.com/dw/image/v2/BBQX_PRD/on/demandware.static/-/Sites-digitalu-master-catalog/default/dw8549e10d/2635574000002_B1NG_2448733_S11.png?sw=388&sh=388&sm=fit
FE P&C CHAOURCE AOP 250G,https://images.openfoodfacts.org/images/products/325/039/110/5335/front_fr.30.400.jpg
PELISSONNE D'ARDECHE,https://preprod.lespetiteslaiteries.fr/wp-content/uploads/2020/10/PELISSONNE-DARDECHE.png
TOMME DE TARENTAISE,https://www.mons-fromages.com/media/cache/sylius_large/33/9b/6a2848ca6524deb35c4bdfcd18f5.jpg
COMTE 24 MOIS,https://www.fromage-pouillot.fr/98/comte-affine-24-mois-marcel-petite.jpg
COMTE VAGNE AOP 18 MOIS 5KG,https://cdn.intermarche.com/fr/Content/images/boitmal/produit/zoom/DEB9C7B96108D785F5CDE6A6AF377521.jpg
BROCCIU FRAIS FERMIER AOP,https://lechariotafromages.fr/1460-large_default/brocciu-frais-aop.jpg
ROITELET BRIE 3 150G,https://dojwn62xby8qn.cloudfront.net/public/offer_presentations/product/10719-1542380100.jpg
PAVE DU LARZAC,https://www.leguidedufromage.com/files/1/z2010281431560.jpg
